circuit,n_seeds,backend,algorithm,depth_mean,depth_std,depth_median,depth_iqr,depth_min,depth_max,depth_cv,cnot_count_mean,cnot_count_std,cnot_count_median,cnot_count_iqr,cnot_count_min,cnot_count_max,cnot_count_cv,time_mean,time_std,pareto_size_mean,seed_stability_p,bl_depth_mean,bl_depth_std,bl_cnot_mean,bl_cnot_std,depth_mejora_%,cnot_mejora_%
ghz_5q,10,fake_torino,nsga2,19.2,0.6324555320336759,19.0,0.0,19.0,21.0,3.294039229342062,5.5,1.5811388300841898,5.5,3.0,4.0,7.0,28.747978728803453,338.43330999,26.730683988721875,3.1,0.00032638109199146684,19.0,0.0,4.0,0.0,-1.0526315789473648,-37.5
qft_4q,10,fake_torino,nsga2,75.0,0.0,75.0,0.0,75.0,75.0,0.0,28.5,1.5811388300841898,28.5,3.0,27.0,30.0,5.547855544155052,372.2211272300002,20.81955350980328,2.6,0.5711312543116356,78.3,9.9,27.0,0.0,4.214559386973177,-5.555555555555555
random_4q_d10,10,fake_torino,nsga2,121.0,0.0,121.0,0.0,121.0,121.0,0.0,42.3,0.9486832980505138,42.0,0.0,42.0,45.0,2.2427501135945955,363.9431359100001,14.369665961704943,4.9,0.060666362098979916,121.0,0.0,42.0,0.0,0.0,-0.7142857142857075
clifford_4q,10,fake_torino,nsga2,41.7,0.48304589153964794,42.0,0.75,41.0,42.0,1.1583834329487959,15.3,0.9486832980505138,15.0,0.0,15.0,18.0,6.2005444317027045,314.67560083,32.97380662442012,4.9,2.5540599612492134e-07,43.8,1.2489995996796797,15.0,0.0,4.794520547945193,-2.000000000000005
